{
  "Total" : {
    "transaction" : "Total",
    "sampleCount" : 20,
    "errorCount" : 0,
    "errorPct" : 0.0,
    "meanResTime" : 4.25,
    "medianResTime" : 3.5,
    "minResTime" : 2.0,
    "maxResTime" : 9.0,
    "pct1ResTime" : 7.0,
    "pct2ResTime" : 8.899999999999999,
    "pct3ResTime" : 9.0,
    "throughput" : 0.2929844864714414,
    "receivedKBytesPerSec" : 0.04663717899887201,
    "sentKBytesPerSec" : 0.03404800184580226
  },
  "HTTP Request" : {
    "transaction" : "HTTP Request",
    "sampleCount" : 20,
    "errorCount" : 0,
    "errorPct" : 0.0,
    "meanResTime" : 4.25,
    "medianResTime" : 3.5,
    "minResTime" : 2.0,
    "maxResTime" : 9.0,
    "pct1ResTime" : 7.0,
    "pct2ResTime" : 8.899999999999999,
    "pct3ResTime" : 9.0,
    "throughput" : 0.2929844864714414,
    "receivedKBytesPerSec" : 0.04663717899887201,
    "sentKBytesPerSec" : 0.03404800184580226
  }
}